Date.day,Date.full,Date.Month,Date.Year,Statistics.Attendance,Statistics.Capacity,Statistics.Gross
29,"Mar 29, 2026",3,2026,"294,349",93,"38,657,410.00"
22,"Mar 22, 2026",3,2026,"272,806",96,"36,769,360.00"
15,"Mar 15, 2026",3,2026,"253,822",95,"32,759,044.00"
8,"Mar 8, 2026",3,2026,"238,988",91,"28,123,874.00"
1,"Mar 1, 2026",3,2026,"221,567",88,"26,036,589.00"
22,"Feb 22, 2026",2,2026,"242,027",95,"31,554,841.00"
15,"Feb 15, 2026",2,2026,"246,718",97,"33,578,362.00"
8,"Feb 8, 2026",2,2026,"256,752",93,"30,170,014.00"
1,"Feb 1, 2026",2,2026,"269,655",91,"31,766,855.00"
25,"Jan 25, 2026",1,2026,"250,680",90,"29,950,367.00"
18,"Jan 18, 2026",1,2026,"274,663",93,"34,695,615.00"
11,"Jan 11, 2026",1,2026,"272,911",92,"34,320,229.00"
4,"Jan 4, 2026",1,2026,"313,513",98,"52,037,125.00"
28,"Dec 28, 2025",12,2025,"304,997",95,"54,251,856.00"
21,"Dec 21, 2025",12,2025,"317,531",93,"47,437,512.00"
14,"Dec 14, 2025",12,2025,"301,326",91,"43,941,878.00"
7,"Dec 7, 2025",12,2025,"291,637",89,"42,629,351.00"
30,"Nov 30, 2025",11,2025,"297,902",91,"48,357,565.00"
23,"Nov 23, 2025",11,2025,"290,413",89,"40,640,549.00"
16,"Nov 16, 2025",11,2025,"297,542",90,"40,196,255.00"
9,"Nov 9, 2025",11,2025,"305,502",92,"40,693,448.00"
2,"Nov 2, 2025",11,2025,"277,506",85,"33,880,998.00"
26,"Oct 26, 2025",10,2025,"277,251",90,"36,970,592.00"
19,"Oct 19, 2025",10,2025,"277,744",91,"38,189,430.00"
12,"Oct 12, 2025",10,2025,"276,632",94,"39,416,736.00"
5,"Oct 5, 2025",10,2025,"234,508",90,"31,428,040.00"
28,"Sep 28, 2025",9,2025,"233,576",88,"30,782,409.00"
21,"Sep 21, 2025",9,2025,"249,286",94,"32,202,004.00"
14,"Sep 14, 2025",9,2025,"240,283",91,"30,128,088.00"
7,"Sep 7, 2025",9,2025,"215,095",81,"25,137,042.00"
31,"Aug 31, 2025",8,2025,"237,539",90,"30,631,166.00"
24,"Aug 24, 2025",8,2025,"239,811",90,"28,634,041.00"
17,"Aug 17, 2025",8,2025,"245,807",88,"29,790,665.00"
10,"Aug 10, 2025",8,2025,"251,610",91,"31,003,860.00"
3,"Aug 3, 2025",8,2025,"236,981",91,"30,062,727.00"
27,"Jul 27, 2025",7,2025,"246,701",93,"31,581,085.00"
20,"Jul 20, 2025",7,2025,"257,595",94,"33,847,950.00"
13,"Jul 13, 2025",7,2025,"260,530",91,"32,813,389.00"
6,"Jul 6, 2025",7,2025,"261,793",92,"30,529,370.00"
29,"Jun 29, 2025",6,2025,"298,509",91,"39,314,834.00"
22,"Jun 22, 2025",6,2025,"328,951",93,"43,169,396.00"
15,"Jun 15, 2025",6,2025,"313,343",89,"39,204,872.00"
8,"Jun 8, 2025",6,2025,"329,886",89,"45,788,192.00"
1,"Jun 1, 2025",6,2025,"333,529",89,"44,949,803.00"
25,"May 25, 2025",5,2025,"342,076",93,"47,275,423.00"
18,"May 18, 2025",5,2025,"336,494",89,"44,351,676.00"
11,"May 11, 2025",5,2025,"334,126",89,"43,501,430.00"
4,"May 4, 2025",5,2025,"332,820",88,"43,063,490.00"
27,"Feb 27, 2025",2,2025,"345,165",92,"46,949,262.00"
20,"Feb 20, 2025",2,2025,"357,318",95,"50,874,913.00"
13,"Feb 13, 2025",2,2025,"329,569",91,"44,163,808.00"
6,"Feb 6, 2025",2,2025,"322,960",91,"42,361,129.00"
30,"Mar 30, 2025",3,2025,"311,399",95,"43,839,272.00"
23,"Mar 23, 2025",3,2025,"299,121",96,"41,206,933.00"
16,"Mar 16, 2025",3,2025,"277,556",95,"37,459,896.00"
9,"Mar 9, 2025",3,2025,"236,448",92,"28,328,355.00"
2,"Mar 2, 2025",3,2025,"228,794",88,"27,030,004.00"
23,"Feb 23, 2025",2,2025,"231,705",91,"27,930,129.00"
16,"Feb 16, 2025",2,2025,"243,319",92,"32,188,003.00"
9,"Feb 9, 2025",2,2025,"247,887",94,"28,135,565.00"
2,"Feb 2, 2025",2,2025,"259,126",94,"31,199,599.00"
26,"Jan 26, 2025",1,2025,"246,230",91,"29,614,804.00"
19,"Jan 19, 2025",1,2025,"250,806",91,"33,372,166.00"
12,"Jan 12, 2025",1,2025,"254,320",92,"32,176,529.00"
5,"Jan 5, 2025",1,2025,"290,640",95,"45,157,253.00"
29,"Dec 29, 2024",12,2024,"306,180",97,"55,822,374.00"
22,"Dec 22, 2024",12,2024,"302,828",93,"44,466,554.00"
15,"Dec 15, 2024",12,2024,"314,951",93,"43,720,381.00"
8,"Dec 8, 2024",12,2024,"309,802",88,"42,021,721.00"
1,"Dec 1, 2024",12,2024,"312,143",87,"46,046,759.00"
24,"Nov 24, 2024",11,2024,"307,431",85,"37,349,024.00"
17,"Nov 17, 2024",11,2024,"304,368",87,"35,104,796.00"
10,"Nov 10, 2024",11,2024,"306,329",90,"36,467,871.00"
3,"Nov 3, 2024",11,2024,"285,801",86,"32,939,767.00"
27,"Oct 27, 2024",10,2024,"285,396",87,"33,921,069.00"
20,"Oct 20, 2024",10,2024,"282,356",91,"34,689,137.00"
13,"Oct 13, 2024",10,2024,"268,081",91,"34,268,132.00"
6,"Oct 6, 2024",10,2024,"253,475",87,"29,633,660.00"
29,"Sep 29, 2024",9,2024,"234,963",87,"26,449,033.00"
22,"Sep 22, 2024",9,2024,"226,267",84,"25,296,948.00"
15,"Sep 15, 2024",9,2024,"234,635",94,"27,262,406.00"
8,"Sep 8, 2024",9,2024,"220,582",91,"25,461,584.00"
1,"Sep 1, 2024",9,2024,"223,670",94,"28,131,405.00"
25,"Aug 25, 2024",8,2024,"211,342",91,"25,343,599.00"
18,"Aug 18, 2024",8,2024,"225,384",92,"28,132,262.00"
11,"Aug 11, 2024",8,2024,"242,572",94,"30,768,450.00"
4,"Aug 4, 2024",8,2024,"239,326",95,"30,523,164.00"
28,"Jul 28, 2024",7,2024,"240,301",96,"31,287,760.00"
21,"Jul 21, 2024",7,2024,"249,701",95,"31,423,899.00"
14,"Jul 14, 2024",7,2024,"242,578",93,"29,845,592.00"
7,"Jul 7, 2024",7,2024,"250,342",96,"31,930,996.00"
30,"Jun 30, 2024",6,2024,"264,578",93,"34,783,390.00"
23,"Jun 23, 2024",6,2024,"282,692",93,"37,558,478.00"
16,"Jun 16, 2024",6,2024,"293,997",90,"36,851,329.00"
9,"Jun 9, 2024",6,2024,"291,082",89,"36,011,651.00"
2,"Jun 2, 2024",6,2024,"280,253",86,"33,662,845.00"
26,"May 26, 2024",5,2024,"287,246",91,"35,295,405.00"
19,"May 19, 2024",5,2024,"292,642",91,"36,381,958.00"
12,"May 12, 2024",5,2024,"286,841",91,"35,727,377.00"
5,"May 5, 2024",5,2024,"289,947",88,"34,757,296.00"
28,"Feb 28, 2024",2,2024,"307,754",92,"37,553,464.00"
21,"Feb 21, 2024",2,2024,"299,107",92,"34,650,614.00"
14,"Feb 14, 2024",2,2024,"292,028",91,"35,535,214.00"
7,"Feb 7, 2024",2,2024,"305,211",94,"39,445,823.00"
31,"Mar 31, 2024",3,2024,"271,802",97,"37,095,505.00"
24,"Mar 24, 2024",3,2024,"229,911",93,"28,519,828.00"
17,"Mar 17, 2024",3,2024,"219,954",94,"28,059,463.00"
10,"Mar 10, 2024",3,2024,"204,915",91,"24,545,774.00"
3,"Mar 3, 2024",3,2024,"198,730",87,"23,436,461.00"
25,"Feb 25, 2024",2,2024,"205,020",94,"26,049,492.00"
18,"Feb 18, 2024",2,2024,"201,227",94,"26,946,864.00"
11,"Feb 11, 2024",2,2024,"187,573",86,"21,192,251.00"
4,"Feb 4, 2024",2,2024,"213,281",93,"23,493,675.00"
28,"Jan 28, 2024",1,2024,"217,847",92,"24,615,726.00"
21,"Jan 21, 2024",1,2024,"204,612",86,"23,589,174.00"
14,"Jan 14, 2024",1,2024,"218,287",90,"27,657,991.00"
7,"Jan 7, 2024",1,2024,"219,787",93,"29,681,396.00"
31,"Dec 31, 2023",12,2023,"256,751",96,"45,399,355.00"
24,"Dec 24, 2023",12,2023,"226,167",90,"33,479,026.00"
17,"Dec 17, 2023",12,2023,"225,585",90,"31,465,465.00"
10,"Dec 10, 2023",12,2023,"227,099",90,"30,723,247.00"
3,"Dec 3, 2023",12,2023,"219,511",88,"29,568,897.00"
26,"Nov 26, 2023",11,2023,"228,711",90,"34,512,033.00"
19,"Nov 19, 2023",11,2023,"228,423",86,"27,060,113.00"
12,"Nov 12, 2023",11,2023,"235,777",91,"29,163,440.00"
5,"Nov 5, 2023",11,2023,"223,151",87,"26,546,735.00"
29,"Oct 29, 2023",10,2023,"218,581",87,"26,480,578.00"
22,"Oct 22, 2023",10,2023,"224,832",89,"28,106,860.00"
15,"Oct 15, 2023",10,2023,"217,118",89,"27,400,791.00"
8,"Oct 8, 2023",10,2023,"211,869",89,"26,973,476.00"
1,"Oct 1, 2023",10,2023,"199,458",84,"23,116,749.00"
24,"Sep 24, 2023",9,2023,"198,785",84,"22,442,339.00"
17,"Sep 17, 2023",9,2023,"203,025",91,"21,640,927.00"
10,"Sep 10, 2023",9,2023,"189,965",89,"21,334,228.00"
3,"Sep 3, 2023",9,2023,"209,122",91,"26,027,346.00"
27,"Aug 27, 2023",8,2023,"214,332",86,"27,215,118.00"
20,"Aug 20, 2023",8,2023,"213,292",85,"25,806,601.00"
13,"Aug 13, 2023",8,2023,"218,877",90,"27,655,508.00"
6,"Aug 6, 2023",8,2023,"230,393",91,"30,058,627.00"
30,"Jul 30, 2023",7,2023,"248,525",91,"31,189,129.00"
23,"Jul 23, 2023",7,2023,"257,204",89,"31,520,593.00"
16,"Jul 16, 2023",7,2023,"254,004",88,"30,899,311.00"
9,"Jul 9, 2023",7,2023,"242,358",86,"28,859,591.00"
2,"Jul 2, 2023",7,2023,"272,775",89,"33,509,406.00"
25,"Jun 25, 2023",6,2023,"270,206",90,"34,004,232.00"
18,"Jun 18, 2023",6,2023,"260,027",88,"32,939,618.00"
11,"Jun 11, 2023",6,2023,"256,055",86,"30,961,479.00"
4,"Jun 4, 2023",6,2023,"263,096",84,"31,144,237.00"
28,"May 28, 2023",5,2023,"276,158",88,"33,088,397.00"
21,"May 21, 2023",5,2023,"276,777",88,"32,919,242.00"
14,"May 14, 2023",5,2023,"264,944",85,"31,275,852.00"
7,"May 7, 2023",5,2023,"258,720",84,"30,153,133.00"
30,"2 30, 2023",2,2023,"271,062",88,"31,930,896.00"
23,"Feb 23, 2023",2,2023,"262,032",87,"31,558,171.00"
16,"Feb 16, 2023",2,2023,"282,895",90,"38,474,982.00"
9,"Feb 9, 2023",2,2023,"280,760",93,"38,594,054.00"
2,"Feb 2, 2023",2,2023,"270,934",92,"34,410,203.00"
26,"Mar 26, 2023",3,2023,"259,758",93,"32,656,200.00"
19,"Mar 19, 2023",3,2023,"259,832",95,"34,124,422.00"
12,"Mar 12, 2023",3,2023,"229,771",92,"28,638,821.00"
5,"Mar 5, 2023",3,2023,"202,944",88,"25,163,054.00"
26,"Feb 26, 2023",2,2023,"201,951",94,"25,832,430.00"
19,"Feb 19, 2023",2,2023,"194,575",94,"26,853,298.00"
12,"Feb 12, 2023",2,2023,"192,323",95,"23,064,393.00"
5,"Feb 5, 2023",2,2023,"195,520",93,"23,518,702.00"
29,"Jan 29, 2023",1,2023,"206,578",94,"25,705,039.00"
22,"Jan 22, 2023",1,2023,"204,847",94,"25,835,362.00"
15,"Jan 15, 2023",1,2023,"247,667",93,"33,859,988.00"
8,"Jan 8, 2023",1,2023,"275,834",92,"37,394,931.00"
1,"Jan 1, 2023",1,2023,"312,878",92,"51,912,862.00"
25,"Dec 25, 2022",12,2022,"238,502",84,"34,827,193.00"
18,"Dec 18, 2022",12,2022,"275,724",86,"37,287,623.00"
11,"Dec 11, 2022",12,2022,"283,548",87,"37,217,001.00"
4,"Dec 4, 2022",12,2022,"264,069",83,"33,891,293.00"
27,"Nov 27, 2022",11,2022,"259,298",82,"37,475,773.00"
20,"Nov 20, 2022",11,2022,"260,973",83,"30,912,719.00"
13,"Nov 13, 2022",11,2022,"272,232",89,"32,314,920.00"
6,"Nov 6, 2022",11,2022,"246,013",84,"29,813,739.00"
30,"Oct 30, 2022",10,2022,"228,593",85,"27,346,822.00"
23,"Oct 23, 2022",10,2022,"227,107",90,"28,585,160.00"
16,"Oct 16, 2022",10,2022,"225,731",91,"28,621,480.00"
9,"Oct 9, 2022",10,2022,"222,263",92,"29,063,457.00"
2,"Oct 2, 2022",10,2022,"209,668",87,"25,208,583.00"
25,"Sep 25, 2022",9,2022,"214,085",93,"26,367,421.00"
18,"Sep 18, 2022",9,2022,"201,321",91,"24,954,517.00"
11,"Sep 11, 2022",9,2022,"176,777",90,"20,638,554.00"
4,"Sep 4, 2022",9,2022,"194,473",90,"25,329,740.00"
28,"Aug 28, 2022",8,2022,"186,077",86,"23,513,592.00"
21,"Aug 21, 2022",8,2022,"181,785",89,"22,232,527.00"
14,"Aug 14, 2022",8,2022,"213,234",89,"27,561,874.00"
7,"Aug 7, 2022",8,2022,"212,341",89,"27,682,655.00"
31,"Jul 31, 2022",7,2022,"223,674",89,"29,502,148.00"
24,"Jul 24, 2022",7,2022,"224,884",89,"29,531,601.00"
17,"Jul 17, 2022",7,2022,"225,011",86,"28,989,978.00"
10,"Jul 10, 2022",7,2022,"234,190",83,"30,109,850.00"
3,"Jul 3, 2022",7,2022,"238,943",87,"29,926,106.00"
26,"Jun 26, 2022",6,2022,"229,166",87,"30,789,627.00"
19,"Jun 19, 2022",6,2022,"232,447",84,"29,523,307.00"
12,"Jun 12, 2022",6,2022,"240,564",85,"31,588,947.00"
5,"Jun 5, 2022",6,2022,"230,894",81,"29,555,352.00"
29,"May 29, 2022",5,2022,"257,210",84,"33,347,304.00"
22,"May 22, 2022",5,2022,"257,558",82,"33,290,185.00"
15,"May 15, 2022",5,2022,"246,003",80,"30,349,653.00"
8,"May 8, 2022",5,2022,"249,219",76,"31,199,660.00"
1,"May 1, 2022",5,2022,"241,500",75,"29,067,083.00"
24,"Feb 24, 2022",2,2022,"267,796",84,"34,204,820.00"
17,"Feb 17, 2022",2,2022,"261,835",87,"34,729,295.00"
10,"Feb 10, 2022",2,2022,"230,733",87,"28,620,435.00"
3,"Feb 3, 2022",2,2022,"229,330",85,"29,122,349.00"
27,"Mar 27, 2022",3,2022,"205,528",89,"27,110,980.00"
20,"Mar 20, 2022",3,2022,"198,150",92,"26,806,046.00"
13,"Mar 13, 2022",3,2022,"168,999",85,"22,376,006.00"
6,"Mar 6, 2022",3,2022,"153,269",78,"19,746,606.00"
27,"Feb 27, 2022",2,2022,"177,701",92,"23,004,259.00"
20,"Feb 20, 2022",2,2022,"173,184",90,"21,835,116.00"
13,"Feb 13, 2022",2,2022,"165,971",87,"18,939,840.00"
6,"Feb 6, 2022",2,2022,"152,557",81,"16,909,848.00"
30,"Jan 30, 2022",1,2022,"139,584",74,"15,038,225.00"
23,"Jan 23, 2022",1,2022,"152,135",75,"16,489,938.00"
16,"Jan 16, 2022",1,2022,"162,566",66,"18,496,689.00"
9,"Jan 9, 2022",1,2022,"156,986",62,"18,251,734.00"
2,"Jan 2, 2022",1,2022,"179,036",74,"26,306,652.00"
26,"Dec 26, 2021",12,2021,"100,956",75,"14,069,739.00"
19,"Dec 19, 2021",12,2021,"184,227",83,"22,511,627.00"
12,"Dec 12, 2021",12,2021,"240,602",86,"30,533,809.00"
5,"Dec 5, 2021",12,2021,"210,795",83,"26,214,735.00"
28,"Nov 28, 2021",11,2021,"238,354",83,"32,543,570.00"
21,"Nov 21, 2021",11,2021,"212,819",81,"25,076,830.00"
14,"Nov 14, 2021",11,2021,"214,681",87,"25,565,641.00"
7,"Nov 7, 2021",11,2021,"193,303",82,"22,854,595.00"
31,"Oct 31, 2021",10,2021,"168,169",78,"19,663,438.00"
24,"Oct 24, 2021",10,2021,"176,083",86,"22,164,602.00"
17,"Oct 17, 2021",10,2021,"164,480",90,"20,778,578.00"
10,"Oct 10, 2021",10,2021,"139,148",90,"18,664,761.00"
3,"Oct 3, 2021",10,2021,"113,775",85,"14,687,780.00"
26,"Sep 26, 2021",9,2021,"92,305",88,"13,107,241.00"
19,"Sep 19, 2021",9,2021,"72,692",88,"10,730,706.00"
12,"Sep 12, 2021",9,2021,"18,687",75,"2,722,713.00"
5,"Sep 5, 2021",9,2021,"14,599",73,"1,897,070.00"
29,"Aug 29, 2021",8,2021,"5,291",52,"182,681.00"
22,"Aug 22, 2021",8,2021,"6,862",77,"147,041.00"
15,"Aug 15, 2021",8,2021,"4,789",54,"179,920.00"
8,"Aug 8, 2021",8,2021,"4,548",59,"201,622.00"
8,"Mar 8, 2020",3,2020,"253,453",89,"26,700,956.00"
1,"Mar 1, 2020",3,2020,"244,515",90,"26,109,896.00"
23,"Feb 23, 2020",2,2020,"250,954",96,"29,195,910.00"
16,"Feb 16, 2020",2,2020,"250,646",94,"31,152,553.00"
9,"Feb 9, 2020",2,2020,"239,713",94,"26,971,364.00"
2,"Feb 2, 2020",2,2020,"232,823",93,"26,036,075.00"
26,"Jan 26, 2020",1,2020,"238,179",95,"27,611,966.00"
19,"Jan 19, 2020",1,2020,"248,005",95,"30,443,388.00"
12,"Jan 12, 2020",1,2020,"259,101",94,"31,126,364.00"
5,"Jan 5, 2020",1,2020,"317,679",94,"43,095,641.00"
29,"Dec 29, 2019",12,2019,"350,714",95,"55,765,408.00"
22,"Dec 22, 2019",12,2019,"302,372",91,"40,645,773.00"
15,"Dec 15, 2019",12,2019,"302,872",91,"38,869,141.00"
8,"Dec 8, 2019",12,2019,"296,485",90,"38,317,632.00"
1,"Dec 1, 2019",12,2019,"292,940",88,"41,687,333.00"
24,"Nov 24, 2019",11,2019,"278,056",85,"32,015,929.00"
17,"Nov 17, 2019",11,2019,"289,802",86,"32,819,621.00"
10,"Nov 10, 2019",11,2019,"291,419",91,"35,399,366.00"
3,"Nov 3, 2019",11,2019,"270,173",88,"31,122,601.00"
27,"Oct 27, 2019",10,2019,"278,087",89,"33,983,842.00"
20,"Oct 20, 2019",10,2019,"286,802",92,"34,644,583.00"
13,"Oct 13, 2019",10,2019,"282,646",93,"35,212,990.00"
6,"Oct 6, 2019",10,2019,"261,793",88,"30,098,714.00"
29,"Sep 29, 2019",9,2019,"260,421",87,"29,894,777.00"
22,"Sep 22, 2019",9,2019,"254,679",88,"29,320,908.00"
15,"Sep 15, 2019",9,2019,"253,685",94,"29,092,571.00"
8,"Sep 8, 2019",9,2019,"224,402",92,"25,965,471.00"
1,"Sep 1, 2019",9,2019,"227,568",96,"28,652,877.00"
25,"Aug 25, 2019",8,2019,"224,849",93,"27,987,012.00"
18,"Aug 18, 2019",8,2019,"258,918",93,"31,972,753.00"
11,"Aug 11, 2019",8,2019,"270,326",93,"33,808,016.00"
4,"Aug 4, 2019",8,2019,"270,067",93,"33,730,889.00"
28,"Jul 28, 2019",7,2019,"273,153",92,"33,824,901.00"
21,"Jul 21, 2019",7,2019,"271,824",92,"34,264,194.00"
14,"Jul 14, 2019",7,2019,"243,260",91,"30,566,474.00"
7,"Jul 7, 2019",7,2019,"288,107",90,"34,108,643.00"
30,"Jun 30, 2019",6,2019,"295,824",90,"35,938,539.00"
23,"Jun 23, 2019",6,2019,"296,070",90,"35,987,055.00"
16,"Jun 16, 2019",6,2019,"292,380",88,"34,493,610.00"
9,"Jun 9, 2019",6,2019,"306,861",88,"35,439,599.00"
2,"Jun 2, 2019",6,2019,"306,164",86,"34,573,185.00"
26,"May 26, 2019",5,2019,"314,317",91,"35,905,670.00"
19,"May 19, 2019",5,2019,"310,574",90,"35,092,351.00"
12,"May 12, 2019",5,2019,"316,359",89,"36,855,347.00"
5,"May 5, 2019",5,2019,"297,097",90,"34,151,624.00"
28,"Feb 28, 2019",2,2019,"316,868",95,"38,151,116.00"
21,"Feb 21, 2019",2,2019,"328,200",95,"40,219,790.00"
14,"Feb 14, 2019",2,2019,"304,463",91,"34,725,461.00"
7,"Feb 7, 2019",2,2019,"315,320",90,"35,291,616.00"
31,"Mar 31, 2019",3,2019,"313,513",93,"36,822,965.00"
24,"Mar 24, 2019",3,2019,"298,672",94,"34,204,242.00"
17,"Mar 17, 2019",3,2019,"288,544",93,"32,944,573.00"
10,"Mar 10, 2019",3,2019,"271,052",90,"30,252,790.00"
3,"Mar 3, 2019",3,2019,"245,665",84,"27,159,271.00"
24,"Feb 24, 2019",2,2019,"253,875",90,"29,863,192.00"
17,"Feb 17, 2019",2,2019,"252,489",90,"30,511,551.00"
10,"Feb 10, 2019",2,2019,"249,720",93,"27,661,258.00"
3,"Feb 3, 2019",2,2019,"237,108",88,"26,512,355.00"
27,"Jan 27, 2019",1,2019,"259,574",92,"29,982,380.00"
20,"Jan 20, 2019",1,2019,"267,598",88,"31,699,190.00"
13,"Jan 13, 2019",1,2019,"274,375",88,"31,937,248.00"
6,"Jan 6, 2019",1,2019,"300,562",91,"37,530,273.00"
30,"Dec 30, 2018",12,2018,"378,910",93,"57,807,272.00"
23,"Dec 23, 2018",12,2018,"308,489",85,"41,012,370.00"
16,"Dec 16, 2018",12,2018,"313,917",84,"39,865,469.00"
9,"Dec 9, 2018",12,2018,"314,249",87,"40,149,570.00"
2,"Dec 2, 2018",12,2018,"299,411",84,"37,805,785.00"
25,"Nov 25, 2018",11,2018,"299,235",86,"43,043,393.00"
18,"Nov 18, 2018",11,2018,"292,481",84,"36,501,888.00"
11,"Nov 11, 2018",11,2018,"306,015",90,"37,230,401.00"
4,"Nov 4, 2018",11,2018,"279,469",86,"33,078,712.00"
28,"Oct 28, 2018",10,2018,"272,782",87,"33,133,984.00"
21,"Oct 21, 2018",10,2018,"269,065",90,"34,344,693.00"
14,"Oct 14, 2018",10,2018,"262,241",88,"33,387,818.00"
7,"Oct 7, 2018",10,2018,"249,245",88,"33,381,111.00"
30,"Sep 30, 2018",9,2018,"233,389",87,"29,521,717.00"
23,"Sep 23, 2018",9,2018,"223,438",87,"26,309,336.00"
16,"Sep 16, 2018",9,2018,"256,263",90,"28,771,784.00"
9,"Sep 9, 2018",9,2018,"249,078",85,"29,524,979.00"
2,"Sep 2, 2018",9,2018,"250,180",88,"32,089,528.00"
26,"Aug 26, 2018",8,2018,"255,379",87,"33,662,782.00"
19,"Aug 19, 2018",8,2018,"264,673",90,"35,465,012.00"
12,"Aug 12, 2018",8,2018,"277,794",92,"37,289,893.00"
5,"Aug 5, 2018",8,2018,"284,545",93,"36,391,385.00"
29,"Jul 29, 2018",7,2018,"295,685",95,"39,633,285.00"
22,"Jul 22, 2018",7,2018,"281,446",93,"36,855,921.00"
15,"Jul 15, 2018",7,2018,"280,463",92,"37,330,028.00"
8,"Jul 8, 2018",7,2018,"272,945",92,"33,865,380.00"
1,"Jul 1, 2018",7,2018,"291,188",91,"38,126,489.00"
24,"Jun 24, 2018",6,2018,"297,029",93,"40,285,884.00"
17,"Jun 17, 2018",6,2018,"298,431",92,"39,653,552.00"
10,"Jun 10, 2018",6,2018,"302,808",92,"39,211,500.00"
3,"Jun 3, 2018",6,2018,"292,066",89,"37,106,954.00"
27,"May 27, 2018",5,2018,"308,320",92,"39,431,767.00"
20,"May 20, 2018",5,2018,"311,582",93,"38,813,251.00"
13,"May 13, 2018",5,2018,"306,163",91,"38,621,280.00"
6,"May 6, 2018",5,2018,"294,627",87,"36,994,027.00"
29,"2 29, 2018",2,2018,"305,422",89,"35,335,327.00"
22,"Feb 22, 2018",2,2018,"314,967",91,"37,506,237.00"
15,"Feb 15, 2018",2,2018,"311,621",90,"37,766,617.00"
8,"Feb 8, 2018",2,2018,"319,839",95,"41,839,054.00"
1,"Feb 1, 2018",2,2018,"319,605",95,"42,016,688.00"
25,"Mar 25, 2018",3,2018,"292,873",91,"35,414,660.00"
18,"Mar 18, 2018",3,2018,"265,949",94,"31,954,760.00"
11,"Mar 11, 2018",3,2018,"243,913",88,"29,425,481.00"
4,"Mar 4, 2018",3,2018,"224,980",83,"26,316,393.00"
25,"Feb 25, 2018",2,2018,"231,785",91,"27,049,673.00"
18,"Feb 18, 2018",2,2018,"213,716",91,"26,335,056.00"
11,"Feb 11, 2018",2,2018,"191,186",83,"22,018,577.00"
4,"Feb 4, 2018",2,2018,"210,097",88,"24,869,632.00"
28,"Jan 28, 2018",1,2018,"221,748",92,"27,522,165.00"
21,"Jan 21, 2018",1,2018,"217,004",91,"27,685,184.00"
14,"Jan 14, 2018",1,2018,"248,789",92,"32,947,325.00"
7,"Jan 7, 2018",1,2018,"255,197",92,"32,207,430.00"
31,"Dec 31, 2017",12,2017,"306,408",95,"50,354,029.00"
24,"Dec 24, 2017",12,2017,"244,973",87,"35,795,927.00"
17,"Dec 17, 2017",12,2017,"257,160",85,"34,359,421.00"
10,"Dec 10, 2017",12,2017,"264,442",88,"35,260,251.00"
3,"Dec 3, 2017",12,2017,"242,528",84,"29,983,150.00"
26,"Nov 26, 2017",11,2017,"264,948",89,"39,079,347.00"
19,"Nov 19, 2017",11,2017,"247,644",86,"31,147,316.00"
12,"Nov 12, 2017",11,2017,"250,816",90,"32,477,413.00"
5,"Nov 5, 2017",11,2017,"224,654",86,"27,265,632.00"
29,"Oct 29, 2017",10,2017,"231,168",88,"28,628,692.00"
22,"Oct 22, 2017",10,2017,"244,003",90,"30,630,790.00"
15,"Oct 15, 2017",10,2017,"241,568",91,"29,928,495.00"
8,"Oct 8, 2017",10,2017,"234,345",91,"30,239,538.00"
1,"Oct 1, 2017",10,2017,"198,483",84,"23,206,324.00"
24,"Sep 24, 2017",9,2017,"206,418",82,"23,991,939.00"
17,"Sep 17, 2017",9,2017,"238,136",89,"26,613,187.00"
10,"Sep 10, 2017",9,2017,"220,403",84,"23,603,590.00"
3,"Sep 3, 2017",9,2017,"237,871",87,"27,899,472.00"
27,"Aug 27, 2017",8,2017,"232,301",83,"26,578,503.00"
20,"Aug 20, 2017",8,2017,"247,074",85,"28,674,786.00"
13,"Aug 13, 2017",8,2017,"260,456",88,"30,312,334.00"
6,"Aug 6, 2017",8,2017,"266,389",90,"31,424,599.00"
30,"Jul 30, 2017",7,2017,"266,316",91,"31,904,723.00"
23,"Jul 23, 2017",7,2017,"262,838",91,"31,395,963.00"
16,"Jul 16, 2017",7,2017,"268,850",90,"31,922,259.00"
9,"Jul 9, 2017",7,2017,"256,171",86,"29,082,683.00"
2,"Jul 2, 2017",7,2017,"282,247",89,"31,965,812.00"
25,"Jun 25, 2017",6,2017,"301,124",91,"35,273,882.00"
18,"Jun 18, 2017",6,2017,"298,093",88,"34,505,435.00"
11,"Jun 11, 2017",6,2017,"295,956",88,"34,128,420.00"
4,"Jun 4, 2017",6,2017,"284,771",85,"32,793,984.00"
28,"May 28, 2017",5,2017,"296,567",89,"34,203,176.00"
21,"May 21, 2017",5,2017,"303,288",88,"34,503,595.00"
14,"May 14, 2017",5,2017,"297,007",86,"33,603,536.00"
7,"May 7, 2017",5,2017,"290,718",84,"32,862,920.00"
30,"2 30, 2017",2,2017,"297,215",86,"32,511,674.00"
23,"Feb 23, 2017",2,2017,"315,032",88,"35,895,402.00"
16,"Feb 16, 2017",2,2017,"347,713",91,"41,151,034.00"
9,"Feb 9, 2017",2,2017,"319,841",87,"35,186,711.00"
2,"Feb 2, 2017",2,2017,"311,207",89,"34,447,048.00"
26,"Mar 26, 2017",3,2017,"289,719",90,"32,453,591.00"
19,"Mar 19, 2017",3,2017,"270,426",89,"30,015,944.00"
12,"Mar 12, 2017",3,2017,"255,468",88,"27,675,629.00"
5,"Mar 5, 2017",3,2017,"226,218",86,"23,822,897.00"
26,"Feb 26, 2017",2,2017,"225,366",90,"25,416,821.00"
19,"Feb 19, 2017",2,2017,"219,844",91,"25,574,528.00"
12,"Feb 12, 2017",2,2017,"177,044",80,"19,809,376.00"
5,"Feb 5, 2017",2,2017,"178,969",84,"19,874,003.00"
29,"Jan 29, 2017",1,2017,"192,943",89,"21,078,312.00"
22,"Jan 22, 2017",1,2017,"198,085",89,"21,686,418.00"
15,"Jan 15, 2017",1,2017,"225,416",91,"25,872,049.00"
8,"Jan 8, 2017",1,2017,"260,164",94,"29,567,891.00"
1,"Jan 1, 2017",1,2017,"359,495",96,"49,710,190.00"
25,"Dec 25, 2016",12,2016,"245,913",84,"30,413,711.00"
18,"Dec 18, 2016",12,2016,"268,793",85,"30,541,918.00"
11,"Dec 11, 2016",12,2016,"277,699",87,"31,357,485.00"
4,"Dec 4, 2016",12,2016,"269,437",83,"29,035,902.00"
27,"Nov 27, 2016",11,2016,"282,959",85,"35,280,351.00"
20,"Nov 20, 2016",11,2016,"252,921",82,"26,762,454.00"
13,"Nov 13, 2016",11,2016,"269,358",87,"28,880,196.00"
6,"Nov 6, 2016",11,2016,"241,117",80,"25,378,948.00"
30,"Oct 30, 2016",10,2016,"242,811",81,"25,194,007.00"
23,"Oct 23, 2016",10,2016,"259,246",88,"27,441,874.00"
16,"Oct 16, 2016",10,2016,"243,037",86,"25,369,050.00"
9,"Oct 9, 2016",10,2016,"243,683",85,"25,903,636.00"
2,"Oct 2, 2016",10,2016,"225,806",80,"22,824,769.00"
25,"Sep 25, 2016",9,2016,"217,239",79,"22,165,299.00"
18,"Sep 18, 2016",9,2016,"221,531",88,"22,174,850.00"
11,"Sep 11, 2016",9,2016,"201,814",81,"20,154,528.00"
4,"Sep 4, 2016",9,2016,"224,722",83,"23,361,025.00"
28,"Aug 28, 2016",8,2016,"209,834",80,"21,495,765.00"
21,"Aug 21, 2016",8,2016,"222,667",80,"23,009,994.00"
14,"Aug 14, 2016",8,2016,"231,726",83,"24,414,933.00"
7,"Aug 7, 2016",8,2016,"225,907",82,"24,062,535.00"
31,"Jul 31, 2016",7,2016,"241,220",83,"25,496,118.00"
24,"Jul 24, 2016",7,2016,"250,613",84,"26,582,154.00"
17,"Jul 17, 2016",7,2016,"257,711",83,"27,125,138.00"
10,"Jul 10, 2016",7,2016,"235,573",80,"24,862,657.00"
3,"Jul 3, 2016",7,2016,"253,969",86,"26,033,649.00"
26,"Jun 26, 2016",6,2016,"273,633",86,"28,923,676.00"
19,"Jun 19, 2016",6,2016,"271,807",82,"28,229,256.00"
12,"Jun 12, 2016",6,2016,"280,991",83,"28,477,730.00"
5,"Jun 5, 2016",6,2016,"274,699",79,"27,019,163.00"
29,"May 29, 2016",5,2016,"291,638",82,"28,706,806.00"